year,month,monthly_revenue
2021,8,30574.50
2021,9,50705.39
2021,5,68218.86
2021,2,70143.73
2021,7,70554.34
2021,3,102067.23
2021,1,134507.13
2021,6,141174.42
2021,4,141700.63
2020,11,170116.65
2020,12,379685.62
2020,10,526549.82
