year,month,monthly_revenue,order_volume
2020,10,526549.82,627
2020,11,170116.65,238
2020,12,379685.62,413
2021,1,134507.13,97
2021,2,70143.73,66
2021,3,102067.23,113
2021,4,141700.63,120
2021,5,68218.86,42
2021,6,141174.42,104
2021,7,70554.34,54
2021,8,30574.50,47
2021,9,50705.39,82
